Date,SP100,Amex,Cisco
3-Jan-00,788.79,43.38,54.03
4-Jan-00,759.01,41.75,51
5-Jan-00,761.52,40.75,50.85
6-Jan-00,762.64,41.58,50
7-Jan-00,783.49,42.18,52.94
10-Jan-00,790.92,42.77,54.9
11-Jan-00,785.25,43.17,53.25
12-Jan-00,782.73,42.94,51.9
13-Jan-00,787.96,43.17,53.1
14-Jan-00,797.52,44.14,53.78
18-Jan-00,795.68,41.94,56
19-Jan-00,790.31,41.21,56.15
20-Jan-00,783.33,41.9,56.19
21-Jan-00,779.78,41.97,57.62
24-Jan-00,758.74,42.06,54.53
25-Jan-00,767.31,43.82,56.06
26-Jan-00,762.79,44.2,53.6
27-Jan-00,759.61,45.09,53.31
28-Jan-00,738.04,43.79,51.94
31-Jan-00,754.26,45.59,54.75
1-Feb-00,766.89,46.76,58.9
2-Feb-00,763.92,45.43,56.94
3-Feb-00,771.96,45.07,58.9
4-Feb-00,775.51,44.67,60.56
7-Feb-00,774.19,44.95,62.6
8-Feb-00,782.21,45.1,62.9
9-Feb-00,765.47,43.32,64.4
10-Feb-00,768.98,42.75,67.97
11-Feb-00,752.04,42.48,65.47
14-Feb-00,756.8,42.61,65.25
15-Feb-00,763.06,44.03,64
16-Feb-00,754.2,42.57,63.58
17-Feb-00,752.19,40.94,65.25
18-Feb-00,728.52,38.26,62.9
22-Feb-00,731.58,38.5,61.97
23-Feb-00,736.3,35.97,69.32
24-Feb-00,731.16,35.97,68.62
25-Feb-00,719.78,34.52,66.38
28-Feb-00,727.75,36.7,65.28
29-Feb-00,738.64,37.13,66.1
1-Mar-00,743.54,37.49,65.85
2-Mar-00,750.26,36.96,66.38
3-Mar-00,765.95,36.94,68.72
6-Mar-00,752.96,35.77,68.07
7-Mar-00,732.25,34.97,66.03
8-Mar-00,739.86,33.97,66.19
9-Mar-00,756.97,33.97,69.65
10-Mar-00,749.5,35.06,68.19
13-Mar-00,743,35.02,68.1
14-Mar-00,730.75,35.54,65.88
15-Mar-00,749.3,36.77,64.32
16-Mar-00,781.93,39.78,65.83
17-Mar-00,786.74,39.74,67.5
20-Mar-00,785.3,39.29,67.07
21-Mar-00,806.87,40.37,70.43
22-Mar-00,810.55,40.88,72.19
23-Mar-00,831.7,43.17,77.81
24-Mar-00,832.65,43.06,79.37
27-Mar-00,830.17,41.65,80.06
28-Mar-00,821.4,42.2,77.87
29-Mar-00,827.5,41.96,76.06
30-Mar-00,813.81,41.23,73.62
31-Mar-00,815.06,41.21,77.31
3-Apr-00,820.62,43.03,72.94
4-Apr-00,813.29,40.68,73.12
5-Apr-00,806.29,39.99,72.12
6-Apr-00,814.09,39.02,71.81
7-Apr-00,821.52,38.48,74.94
10-Apr-00,817.14,39.62,72.56
11-Apr-00,816.76,40.18,70
12-Apr-00,792.9,41.71,65
13-Apr-00,777.29,40.4,61.13
14-Apr-00,731.96,37.08,57
17-Apr-00,762.49,37.08,66.5
18-Apr-00,785.92,38.72,69.25
19-Apr-00,771.62,38.6,66.12
20-Apr-00,777.12,39.64,65.12
24-Apr-00,772.55,41.6,63.44
25-Apr-00,795.55,43.8,66
26-Apr-00,789.07,42.86,66.75
27-Apr-00,790.7,42.96,69
28-Apr-00,781.42,41.44,69.33
1-May-00,791.12,41.96,71.44
2-May-00,779.25,41.04,68
3-May-00,761.18,39.36,66.06
4-May-00,756.81,40.12,63.63
5-May-00,769.79,40.64,67.75
8-May-00,763.59,42.15,62.75
9-May-00,757.82,41.02,62.75
10-May-00,739.91,39.74,58.5
11-May-00,754.74,41.16,60.25
12-May-00,761.67,41.79,59.94
15-May-00,776.53,43.4,60
16-May-00,784.23,42.51,60.56
17-May-00,772.53,42.36,58
18-May-00,766.83,43.09,55.38
19-May-00,752.95,41.84,53.44
22-May-00,748.04,41.27,55.25
23-May-00,732.55,42.2,50.55
24-May-00,747.1,41.58,55.13
25-May-00,736.95,40.64,54.5
26-May-00,736.08,40.8,54.94
30-May-00,761.42,42.1,59.88
31-May-00,761.55,44.9,56.94
1-Jun-00,777.59,44.8,60.94
2-Jun-00,792.69,46.26,64.37
5-Jun-00,790.75,46.26,63.25
6-Jun-00,783.39,44.9,61.31
7-Jun-00,791.13,46.93,62.88
8-Jun-00,785.33,45.74,63.69
9-Jun-00,779.7,44.62,64.37
12-Jun-00,774.25,44.62,62.13
13-Jun-00,789.43,45.32,65
14-Jun-00,790.35,47.19,65.19
15-Jun-00,798.88,46.15,66.5
16-Jun-00,788.74,42.83,67.81
19-Jun-00,802.91,44.49,68.94
20-Jun-00,797.56,44.9,67.12
21-Jun-00,800,43.76,67.44
22-Jun-00,785.09,44.44,64.56
23-Jun-00,781.07,44.59,62.63
26-Jun-00,789.21,46.72,62.81
27-Jun-00,784.94,45.06,62.25
28-Jun-00,788,44.28,63.56
29-Jun-00,779.74,43.66,61.19
30-Jun-00,790.25,43.35,63.56
3-Jul-00,796.03,43.55,64.62
5-Jul-00,783.37,43.41,61.88
6-Jul-00,789.92,43.26,64.75
7-Jul-00,803,44.77,65.37
10-Jul-00,799.59,45.7,63.13
11-Jul-00,801.05,45.03,62.13
12-Jul-00,805.91,45.81,63.88
13-Jul-00,808.03,45.86,65.25
14-Jul-00,815.52,47.11,68.25
17-Jul-00,817.75,46.9,69.62
18-Jul-00,807.19,45.96,67.25
19-Jul-00,802.95,45.86,66.81
20-Jul-00,813.09,47.37,69.5
21-Jul-00,804.55,49.35,68.12
24-Jul-00,795.83,47.52,66.06
25-Jul-00,802.44,46.54,68.12
26-Jul-00,791.19,46.33,68.56
27-Jul-00,793.04,48.57,68
28-Jul-00,776.18,46.64,62.81
31-Jul-00,782.64,47.21,65.44
1-Aug-00,784.01,47.42,63.19
2-Aug-00,783.02,47.78,60.94
3-Aug-00,791.14,48.3,64.37
4-Aug-00,795.85,49.81,65.56
7-Aug-00,803.72,48.57,66.25
8-Aug-00,805.96,48.93,65.5
9-Aug-00,807.06,49.66,67.81
10-Aug-00,799.04,48.83,63.38
11-Aug-00,804.75,49.76,64.31
14-Aug-00,816.34,49.97,64.5
15-Aug-00,811.81,49.29,63.19
16-Aug-00,806.91,47.73,63.06
17-Aug-00,815.09,48.72,63.44
18-Aug-00,813.64,48.72,63.5
21-Aug-00,818.44,49.24,65.5
22-Aug-00,818.58,48.25,64.81
23-Aug-00,822.81,47.73,67.19
24-Aug-00,825.15,47.06,66.5
25-Aug-00,823.55,47.11,65.5
28-Aug-00,829.19,49.09,66.06
29-Aug-00,827.3,49.09,66.56
30-Aug-00,820.93,49.09,66.56
31-Aug-00,827.41,49.15,68.62
1-Sep-00,829.83,48.67,68.56
5-Sep-00,823.49,49.76,66
6-Sep-00,814.28,49.97,64.25
7-Sep-00,818.03,49.4,66.25
8-Sep-00,812.9,50.49,63.88
11-Sep-00,808.12,51.48,61.19
12-Sep-00,802.57,51.12,58.88
13-Sep-00,803.02,51.06,61.31
14-Sep-00,799.34,50.65,61.25
15-Sep-00,789.77,49.4,62.75
18-Sep-00,778.93,48.3,60.06
19-Sep-00,787.77,49.81,62
20-Sep-00,782.55,48.3,63.13
21-Sep-00,780.39,48.51,61.13
22-Sep-00,774.08,48.93,60.31
25-Sep-00,766.01,49.97,57.19
26-Sep-00,756.87,49.61,55.19
27-Sep-00,758.63,48.93,57.31
28-Sep-00,773.32,50.75,59.44
29-Sep-00,759.83,50.6,55.25
2-Oct-00,763.26,52.47,55.5
3-Oct-00,758.03,51.22,56.25
4-Oct-00,762.03,50.77,58.56
5-Oct-00,764.45,50.87,57.56
6-Oct-00,750.97,48.32,56.19
9-Oct-00,744.23,47.22,53.69
10-Oct-00,737.68,46.28,51.13
11-Oct-00,724.02,45.34,51.19
12-Oct-00,703.68,43.26,49.81
13-Oct-00,729.01,44.98,56.06
16-Oct-00,725.48,46.49,54.5
17-Oct-00,711.72,44.82,54.56
18-Oct-00,706.77,45.24,52.25
19-Oct-00,733.89,46.75,58.25
20-Oct-00,738.16,46.75,57.31
23-Oct-00,734.35,45.34,55.88
24-Oct-00,738.42,47.64,54.88
25-Oct-00,719.14,47.85,50.63
26-Oct-00,720.62,45.4,53.56
27-Oct-00,726.18,46.54,50.69
30-Oct-00,732.77,48.73,48.06
31-Oct-00,750.93,50.04,53.88
1-Nov-00,748.39,48.68,52.13
2-Nov-00,753.52,48.06,55.75
3-Nov-00,751.7,49.72,56.75
6-Nov-00,755.44,50.56,55.13
7-Nov-00,756.3,50.82,56.75
8-Nov-00,743.32,48.37,52.13
9-Nov-00,739.21,48.58,53.25
10-Nov-00,719.11,47.59,50.06
13-Nov-00,712.16,46.6,50.38
14-Nov-00,729.67,47.79,53.13
15-Nov-00,733.3,48.11,53.56
16-Nov-00,724.18,48.16,51.06
17-Nov-00,725.09,46.75,52.75
20-Nov-00,710.04,43.89,51.25
21-Nov-00,713.7,44.41,53.69
22-Nov-00,700.72,43.21,50.56
24-Nov-00,711.16,42.84,52.69
27-Nov-00,714.78,44.2,51.25
28-Nov-00,708.47,45.97,51
29-Nov-00,712.47,47.48,51.69
30-Nov-00,697.28,45.81,47.88
1-Dec-00,695.99,45.24,48.5
4-Dec-00,701.27,43.36,45.81
5-Dec-00,732.09,45.03,52.13
6-Dec-00,717.25,44.82,51.44
7-Dec-00,710.29,44.56,49.94
8-Dec-00,727.06,45.71,52.38
11-Dec-00,733.97,47.12,54.81
12-Dec-00,728.91,46.86,54.38
13-Dec-00,720.59,47.12,51.13
14-Dec-00,710.67,46.23,50.94
15-Dec-00,689.48,45.55,48.17
18-Dec-00,694.35,47.33,42.94
19-Dec-00,686.85,45.81,41.75
20-Dec-00,661.5,42.9,36.5
21-Dec-00,668.58,43.83,38.88
22-Dec-00,684.23,44.35,41.5
26-Dec-00,687,44.41,40.75
27-Dec-00,691.18,44.35,40.75
28-Dec-00,692.29,45.03,39.56
29-Dec-00,686.45,45.81,38.25
2-Jan-01,667.13,43.36,33.31
3-Jan-01,703.97,46.72,41.31
4-Jan-01,700.92,45.26,41.88
5-Jan-01,681.71,43.07,36.63
8-Jan-01,677.31,40.87,36.55
9-Jan-01,679.45,39.2,37.13
10-Jan-01,684.78,38.99,36.25
11-Jan-01,693.4,39.99,39.13
12-Jan-01,687.88,40.04,38.06
16-Jan-01,693.05,40.35,38.5
17-Jan-01,691.98,41.29,39
18-Jan-01,704,41.45,41.88
19-Jan-01,705.23,40.61,40.38
22-Jan-01,703.17,37.58,41.44
23-Jan-01,712.04,38.84,42.63
24-Jan-01,714.33,38.63,42.56
25-Jan-01,710.81,38.73,39.31
26-Jan-01,709.06,38.94,38.38
29-Jan-01,711.55,39.76,37.25
30-Jan-01,718.46,40.01,38
31-Jan-01,715.2,39.34,37.44
1-Feb-01,719.7,39.66,38.25
2-Feb-01,705.48,40.18,35.5
5-Feb-01,709.66,40.43,34.56
6-Feb-01,708.52,39.25,35.75
7-Feb-01,700.77,38.73,31.06
8-Feb-01,694.32,39.34,30
9-Feb-01,682.35,39.28,28.19
12-Feb-01,692.06,40.18,29.56
13-Feb-01,684.75,39.07,28.5
14-Feb-01,682.68,38.95,29.37
15-Feb-01,688.5,39.14,30.81
16-Feb-01,675.42,39.44,28.25
20-Feb-01,661.36,38.4,26.06
21-Feb-01,647.6,36.72,25.12
22-Feb-01,647.29,37.17,26.44
23-Feb-01,642.64,37.5,27
26-Feb-01,655.8,37.75,26.06
27-Feb-01,650.97,37.95,24
28-Feb-01,640.71,36.65,23.69
1-Mar-01,641.38,35.91,24.5
2-Mar-01,633.89,36.54,22.19
5-Mar-01,638.43,36.16,23.08
6-Mar-01,645.45,35.91,24
7-Mar-01,650.72,36.92,24
8-Mar-01,651.46,37.11,22.81
9-Mar-01,633.4,35.69,20.62
12-Mar-01,601.51,33.74,18.81
13-Mar-01,613.51,34.77,21.37
14-Mar-01,596.1,32.14,20.25
15-Mar-01,600.71,33.24,20.31
16-Mar-01,587.99,31.89,19.94
19-Mar-01,597.67,32.37,20.81
20-Mar-01,581.93,31.13,19.06
21-Mar-01,569.97,29.22,19.31
22-Mar-01,567.66,28.98,19.75
23-Mar-01,580.71,30.74,18.69
26-Mar-01,588.45,31.55,17.87
27-Mar-01,605.58,33.12,18.12
28-Mar-01,588.31,32.58,15.75
29-Mar-01,584.9,32.54,15.25
30-Mar-01,591.63,34.49,15.81
2-Apr-01,584.4,33.17,15.06
3-Apr-01,562.38,31.73,13.75
4-Apr-01,560.99,30.3,13.69
5-Apr-01,588.52,32.06,14.94
6-Apr-01,577.35,30.73,13.63
9-Apr-01,581.47,31.08,14.49
10-Apr-01,597.85,31.95,15.86
11-Apr-01,598.45,32.18,17.4
12-Apr-01,608.25,32.8,17.98
16-Apr-01,605.99,32.25,17.2
17-Apr-01,611.78,32.63,16.66
18-Apr-01,639.33,35.64,17.93
19-Apr-01,649.03,35.96,18.91
20-Apr-01,643.66,34.73,19.15
23-Apr-01,633.89,33.91,17.33
24-Apr-01,625.74,34.11,16.26
25-Apr-01,635.59,34.4,15.73
26-Apr-01,640.29,35.07,15.21
27-Apr-01,649.11,36.61,15.6
30-Apr-01,645.47,35.45,16.98
1-May-01,655.55,35.36,17.8
2-May-01,657.33,36.19,20
3-May-01,647.75,35.54,18.66
4-May-01,658.74,36.7,19.64
7-May-01,657.46,36.11,19.25
8-May-01,656.39,34.57,20.38
9-May-01,652.14,34.82,19.13
10-May-01,651.42,35.86,18.83
11-May-01,645.43,35.38,19.05
14-May-01,647.47,35.5,18.57
15-May-01,646.26,35.02,18.74
16-May-01,664.6,37.08,20
17-May-01,665.58,37.13,19.86
18-May-01,668.38,36.58,20.2
21-May-01,678.6,37.66,22.87
22-May-01,676.06,38.54,23.48
23-May-01,665.19,37.41,22.36
24-May-01,668.3,37.33,22.91
25-May-01,658.29,36.27,22.05
29-May-01,652.9,35.5,20.46
30-May-01,642.96,35.38,19
31-May-01,646.23,35.25,19.26
1-Jun-01,649.61,35.47,18.85
4-Jun-01,654.48,35.77,19.73
5-Jun-01,662.09,35.66,21.54
6-Jun-01,655.07,35.05,20.76
7-Jun-01,658.59,34.45,21.82
8-Jun-01,651.92,34.31,20.49
11-Jun-01,646.59,34.66,20.38
12-Jun-01,647.55,34.99,20.37
13-Jun-01,639.92,34.75,19.02
14-Jun-01,629.42,33.29,17.74
15-Jun-01,626.63,32.59,16.65
18-Jun-01,624.47,32.26,16.5
19-Jun-01,626.66,32.34,16.64
20-Jun-01,634.05,33.03,16.4
21-Jun-01,642.97,33.81,17.68
22-Jun-01,636.15,34.11,17.52
25-Jun-01,632.03,33.38,18.51
26-Jun-01,629.54,32.64,18.02
27-Jun-01,626.69,32.01,17.93
28-Jun-01,635.58,33.04,18.58
29-Jun-01,632.02,32.47,18.2
2-Jul-01,639.96,33.07,19.22
3-Jul-01,638.55,33.5,19.19
5-Jul-01,628.56,33.12,17.58
6-Jul-01,612.95,32.1,16.79
9-Jul-01,618.29,32.04,17.25
10-Jul-01,608.79,31.03,16.2
11-Jul-01,607.01,31.31,16.7
12-Jul-01,622.46,32.31,17.86
13-Jul-01,626.85,33.01,18.74
16-Jul-01,620.6,32.17,17.71
17-Jul-01,626.91,32.52,17.79
18-Jul-01,623.06,31.45,17.15
19-Jul-01,627.08,31.87,17.76
20-Jul-01,625.59,31.85,17.99
23-Jul-01,614.41,31.98,18.27
24-Jul-01,604.16,31.7,18.38
25-Jul-01,613.95,31.92,18.7
26-Jul-01,619.14,32.52,19.38
27-Jul-01,620.16,33.12,19.06
30-Jul-01,618.89,33.3,18.89
31-Jul-01,622.16,33.82,19.22
1-Aug-01,623.61,34.8,20.3
2-Aug-01,626.27,34.74,20.25
3-Aug-01,623.65,33.92,20.05
6-Aug-01,615.21,33.36,19.54
7-Aug-01,618.71,33.69,19.26
8-Aug-01,607.53,33.37,17.98
9-Aug-01,607.83,33.39,18.29
10-Aug-01,611.41,33.42,18.33
13-Aug-01,610.49,33.51,18.21
14-Aug-01,607.02,33.04,17.65
15-Aug-01,603.02,32.42,17
16-Aug-01,605.03,32,17.48
17-Aug-01,593.87,31.45,16.61
20-Aug-01,599,32,16.9
21-Aug-01,590.27,30.7,16.01
22-Aug-01,594.68,31.22,16.48
23-Aug-01,592.93,31.61,16.76
24-Aug-01,606.71,32.05,18.25
27-Aug-01,604.22,31.89,18.01
28-Aug-01,594.13,31.04,17.09
29-Aug-01,586.34,31.03,17.08
30-Aug-01,574.38,30.15,16.01
31-Aug-01,577.4,30.54,16.33
4-Sep-01,578.04,30.57,15.77
5-Sep-01,578.89,30.8,14.88
6-Sep-01,565.51,29.59,14.4
7-Sep-01,553.89,29.02,14.36
10-Sep-01,558.58,29.36,14.47
17-Sep-01,529.1,25.37,14
18-Sep-01,526.8,22.96,13.57
19-Sep-01,518.85,21.81,13.49
20-Sep-01,501.02,21.97,12.88
21-Sep-01,491.7,21.48,12.09
24-Sep-01,513.03,23.07,12.56
25-Sep-01,517.92,22.59,12.6
26-Sep-01,516.29,22.88,12.23
27-Sep-01,521.96,23.03,11.24
28-Sep-01,533.1,24.37,12.18
1-Oct-01,533.4,24.64,11.9
2-Oct-01,539.57,24.32,11.48
3-Oct-01,550.6,25.18,13.95
4-Oct-01,548.45,24.29,14.42
5-Oct-01,549.38,23.37,14.94
8-Oct-01,544.88,23.08,15.05
9-Oct-01,541.84,24.39,14.59
10-Oct-01,554.76,24.83,15.15
11-Oct-01,563.39,25.23,16.46
12-Oct-01,560.78,25.22,16.95
15-Oct-01,560.43,25.98,16.21
16-Oct-01,564.14,26.32,16.97
17-Oct-01,554.67,25.27,15.6
18-Oct-01,551.01,25.31,16.72
19-Oct-01,553.8,24.66,16.72
22-Oct-01,562.52,25.5,16.83
23-Oct-01,559.05,25.45,16.41
24-Oct-01,558.69,25.22,17.23
25-Oct-01,565.62,25.79,17.74
26-Oct-01,567.98,25.84,17.29
29-Oct-01,553.34,25.18,16.42
30-Oct-01,545.06,24.83,16.57
31-Oct-01,544.43,24.75,16.92
1-Nov-01,558.24,25.01,17.66
2-Nov-01,559.99,25.18,17.26
5-Nov-01,566.68,25.54,17.9
6-Nov-01,576.3,25.7,18.47
7-Nov-01,573.64,26.64,18.93
8-Nov-01,576.62,27.25,19.09
9-Nov-01,577.99,27.51,19.2
12-Nov-01,576.13,26.99,19.26
13-Nov-01,587.04,27.04,19.58
14-Nov-01,589.16,28.11,19.89
15-Nov-01,590.44,28.92,20.14
16-Nov-01,588.07,27.86,20.02
19-Nov-01,595.07,28.76,20.71
20-Nov-01,590.03,28.3,19.79
21-Nov-01,586.36,28.17,19.15
23-Nov-01,593.27,28.9,19.59
26-Nov-01,596.24,29.54,19.93
27-Nov-01,590.83,29.08,19.7
28-Nov-01,578.92,28.3,18.88
29-Nov-01,585.28,28.02,19.89
30-Nov-01,584.8,27.68,20.44
3-Dec-01,578.66,27.03,19.86
4-Dec-01,585.63,28.05,20.52
5-Dec-01,597.7,29.11,21.54
6-Dec-01,596.77,29.57,21.79
7-Dec-01,591.78,29.18,21.16
10-Dec-01,581.24,28.59,20.74
11-Dec-01,579.32,28.81,20.78
12-Dec-01,580.37,28.11,20.5
13-Dec-01,570.6,27.42,19.01
14-Dec-01,572.38,27.13,19.39
17-Dec-01,578.97,27.88,19.26
18-Dec-01,583.38,28.07,19.62
19-Dec-01,588.72,29.1,19.35
20-Dec-01,584.3,28.22,18.29
21-Dec-01,586.41,28.43,18.19
24-Dec-01,585.19,28.81,18.11
26-Dec-01,587.5,29.18,18.24
27-Dec-01,590.87,29.43,18.49
28-Dec-01,591.75,30.32,18.54
31-Dec-01,584.28,30.02,18.11
2-Jan-02,588.98,30.24,19.23
3-Jan-02,595.13,30.72,20.76
4-Jan-02,598.61,31.79,20.83
7-Jan-02,594.41,31.69,20.53
8-Jan-02,592.5,31.23,20.95
9-Jan-02,589.62,31.31,20.85
10-Jan-02,590.56,31.84,21
11-Jan-02,584.2,31.54,20.21
14-Jan-02,580.86,30.55,19.63
15-Jan-02,584.85,31.82,19.68
16-Jan-02,574.99,30.88,18.94
17-Jan-02,581.63,31.32,19.48
18-Jan-02,575.24,31.2,18.85
22-Jan-02,570.63,31.38,18.06
23-Jan-02,573.63,30.72,18.93
24-Jan-02,575.09,30.98,19.05
25-Jan-02,575.14,31.18,19.13
28-Jan-02,574.91,30.59,19.7
29-Jan-02,557.28,29.03,19.01
30-Jan-02,564.38,29.75,19.34
31-Jan-02,573.49,30.22,19.8
1-Feb-02,569.35,28.17,19.21
4-Feb-02,553.43,28.17,18.31
5-Feb-02,552.38,29.08,18.5
6-Feb-02,550.2,27.73,18.61
7-Feb-02,548.69,27.86,17.06
8-Feb-02,557.28,28.53,16.76
11-Feb-02,565.08,28.25,17.69
12-Feb-02,562.51,27.81,17.26
13-Feb-02,567.79,28.67,17.52
14-Feb-02,567.13,29.15,17.46
15-Feb-02,559.65,28.39,17.09
19-Feb-02,549.22,28.03,16.81
20-Feb-02,557.59,28.52,16.69
21-Feb-02,548.58,28.17,15.11
22-Feb-02,554.04,28.36,15.24
25-Feb-02,563.78,29.53,15.6
26-Feb-02,562.67,29.7,15.5
27-Feb-02,563.09,30.15,14.24
28-Feb-02,562.41,30.72,14.27
1-Mar-02,576.16,31.45,15
4-Mar-02,586.52,33.19,16.48
5-Mar-02,581.95,32.91,16.51
6-Mar-02,590.21,33.65,16.77
7-Mar-02,586.88,33.3,17
8-Mar-02,589.84,34.11,17.8
11-Mar-02,591.73,35.02,17.42
12-Mar-02,591.09,34.63,16.77
13-Mar-02,584.7,34.11,16.36
14-Mar-02,584.33,34.23,16.74
15-Mar-02,591.13,35.53,16.54
18-Mar-02,589.63,35.36,16.52
19-Mar-02,592.09,35.85,16.74
20-Mar-02,582.17,35.27,16.02
21-Mar-02,582.44,34.57,16.49
22-Mar-02,580.09,34.64,16.57
25-Mar-02,571.67,34.04,16.18
26-Mar-02,575.17,34.22,16.29
27-Mar-02,577.49,34.72,16.34
28-Mar-02,577.87,34.52,16.93
1-Apr-02,576.68,33.88,17.52
2-Apr-02,571.48,33.6,16.42
3-Apr-02,566.03,33.38,16.6
4-Apr-02,566.72,33.91,16.87
5-Apr-02,564.02,34.37,16.15
8-Apr-02,563.95,34.32,16.18
9-Apr-02,558.83,34.82,14.82
10-Apr-02,565.35,34.97,15.55
11-Apr-02,549.46,33.93,14.87
12-Apr-02,553.74,34.15,15.3
15-Apr-02,547.72,33.92,15.01
16-Apr-02,561.29,34.93,15.58
17-Apr-02,559.73,34.75,15.97
18-Apr-02,559.36,35.8,15.44
19-Apr-02,559.79,36.68,15.26
22-Apr-02,550.04,35.98,14.87
23-Apr-02,545.8,36.18,14.01
24-Apr-02,541.86,35.95,14.43
25-Apr-02,540.69,35.99,14.59
26-Apr-02,532.37,35.51,13.91
29-Apr-02,526.84,34.63,14.13
30-Apr-02,532.4,34.64,14.65
1-May-02,538.53,35.25,13.7
2-May-02,537.53,35.66,13.64
3-May-02,530.52,35.34,13.14
6-May-02,519.48,34.72,12.89
7-May-02,518.22,34.34,13.08
8-May-02,540.62,36.06,16.27
9-May-02,531.69,35.67,15.75
10-May-02,523.24,35.05,15.42
13-May-02,533.76,36.32,15.7
14-May-02,545.6,37.58,16.45
15-May-02,542.02,37.9,16.56
16-May-02,547.88,37.58,17.01
17-May-02,553.3,37.32,17.25
20-May-02,545.28,36.57,16.58
21-May-02,538.28,35.72,16.16
22-May-02,541.92,35.81,16.56
23-May-02,547.57,36.24,16.9
24-May-02,539.92,35.92,16.57
28-May-02,534.32,35.2,16.38
29-May-02,530.04,35.78,15.65
30-May-02,528.88,35.68,16.01
31-May-02,529.2,35.9,15.78
3-Jun-02,514.74,34.7,15.33
4-Jun-02,516.03,33.86,16.08
5-Jun-02,520.87,34.64,15.92
6-Jun-02,509.55,34.09,15.46
7-Jun-02,507.32,33.07,15.73
10-Jun-02,509.03,33.47,15.47
11-Jun-02,500.7,32.71,14.99
12-Jun-02,507.02,31.37,15.29
13-Jun-02,502.16,30.34,14.89
14-Jun-02,501.76,30.37,14.3
17-Jun-02,516.18,32.26,15.07
18-Jun-02,516.73,32.69,14.71
19-Jun-02,507.64,32.08,14.49
20-Jun-02,500.02,31.6,14.08
21-Jun-02,489.42,31.5,13.74
24-Jun-02,493.04,31.33,14.06
25-Jun-02,483.42,30.68,13.45
26-Jun-02,482.57,30.13,13.43
27-Jun-02,491.61,31.32,13.82
28-Jun-02,490.12,30.68,13.95
1-Jul-02,478.96,31.34,13.09
2-Jul-02,470.11,31.17,12.56
3-Jul-02,474.41,30.63,13.04
5-Jul-02,492.66,31.61,14.05
8-Jul-02,486.29,31.32,13.67
9-Jul-02,475.24,30.61,13.14
10-Jul-02,458.69,29.48,13.51
11-Jul-02,462.92,29.65,14.05
12-Jul-02,458.91,29.61,14.38
15-Jul-02,457.17,28.47,14.44
16-Jul-02,448.81,28.68,14.27
17-Jul-02,453.68,28.79,14.8
18-Jul-02,441.28,28.38,14.34
19-Jul-02,423.1,26.79,13.65
22-Jul-02,407.88,24.52,12.98
23-Jul-02,396.75,24.26,12.5
24-Jul-02,419.98,25.76,13.09
25-Jul-02,417.3,25.61,11.61
26-Jul-02,426.93,25.54,11.82
29-Jul-02,450.87,28.35,13.31
30-Jul-02,452.9,28.71,13.34
31-Jul-02,458.87,29.84,13.19
1-Aug-02,444.32,29.08,12.1
2-Aug-02,434.05,27.95,11.89
5-Aug-02,418.56,25.7,11.36
6-Aug-02,431.17,27.08,12.07
7-Aug-02,441.46,27.99,12.99
8-Aug-02,457.16,29.67,13.2
9-Aug-02,458.82,30.43,13.12
12-Aug-02,456.15,30.03,13.41
13-Aug-02,445.3,29.48,13.37
14-Aug-02,464.44,30.78,14.35
15-Aug-02,469.78,31.7,14.36
16-Aug-02,468.44,31.15,14.45
19-Aug-02,480.84,31.85,14.72
20-Aug-02,474.03,30.91,14.73
21-Aug-02,480.04,31.34,15.11
22-Aug-02,485.95,32.32,15.1
23-Aug-02,474.5,31.6,14.45
26-Aug-02,477.59,32.21,14.49
27-Aug-02,471.15,31.39,14.02
28-Aug-02,462.53,30.67,13.72
29-Aug-02,462,30.5,14.2
30-Aug-02,460.8,30.52,13.82
3-Sep-02,440.03,28.22,13.07
4-Sep-02,447.98,29.2,13.27
5-Sep-02,439.14,28.87,12.77
6-Sep-02,446.67,29.37,13.03
9-Sep-02,451.27,29.51,12.96
10-Sep-02,455.89,29.62,13.43
11-Sep-02,455.41,29.45,13.57
12-Sep-02,443.23,28.64,13.04
13-Sep-02,444.24,28.94,13.05
16-Sep-02,446.65,29.49,12.93
17-Sep-02,438.55,28.14,12.54
18-Sep-02,435.99,27.47,12.5
19-Sep-02,423.06,26.7,12
20-Sep-02,423.9,26.9,12.08
23-Sep-02,417.38,26.47,11.96
24-Sep-02,410.87,26.2,11.43
25-Sep-02,421.68,26.83,11.96
26-Sep-02,428.51,27.84,11.36
27-Sep-02,413.22,26.64,11.23
30-Sep-02,407.25,26.39,10.48
1-Oct-02,425.74,27.69,10.94
2-Oct-02,415.93,26.47,10.05
3-Oct-02,412.27,25.42,9.81
4-Oct-02,403.22,24.21,9.46
7-Oct-02,396.15,22.57,9.08
8-Oct-02,402.88,24.1,8.6
9-Oct-02,392.69,23.19,9.23
10-Oct-02,405.91,24.86,9.74
11-Oct-02,422.68,26.19,10.32
14-Oct-02,425.54,26.39,9.99
15-Oct-02,447.26,28.61,10.99
16-Oct-02,436.19,27.32,9.81
17-Oct-02,446.21,28.93,10.17
18-Oct-02,449.02,28.68,10.51
21-Oct-02,456.24,29.22,10.95
22-Oct-02,452.59,28.96,11.22
23-Oct-02,454.73,28.59,11.26
24-Oct-02,447.88,27.63,11.75
25-Oct-02,455.65,28.11,11.78
28-Oct-02,452.09,29.06,10.9
29-Oct-02,448.86,29.64,10.6
30-Oct-02,452.6,30.66,10.91
31-Oct-02,451.2,30.86,11.18
1-Nov-02,458.16,30.76,11.61
4-Nov-02,462.26,31.84,12.31
5-Nov-02,467.93,31.05,12.69
6-Nov-02,471.06,31.25,12.96
7-Nov-02,460.55,30.12,12.35
8-Nov-02,457.39,30.16,12.56
11-Nov-02,447.63,29.82,12.16
12-Nov-02,450.5,29.75,12.87
13-Nov-02,450.61,29.87,13.42
14-Nov-02,461.14,31.35,14
15-Nov-02,463.72,31.95,14.08
18-Nov-02,459.01,31.17,13.91
19-Nov-02,457.69,31.61,13.66
20-Nov-02,466.99,32.7,14.38
21-Nov-02,477.86,33.43,15.24
22-Nov-02,475.03,33.52,14.89
25-Nov-02,476.95,33.41,14.89
26-Nov-02,467.08,32.17,14.45
27-Nov-02,480.36,33.21,14.83
29-Nov-02,478.85,33.03,14.92
2-Dec-02,477.19,32.77,15.06
3-Dec-02,469.62,32.25,14.52
4-Dec-02,468.03,32.06,14.43
5-Dec-02,461.67,31.7,14.11
6-Dec-02,464.42,31.9,14.18
9-Dec-02,453.99,31.05,13.5
10-Dec-02,460.49,31.32,13.93
11-Dec-02,460.69,31.11,13.85
12-Dec-02,458.54,31.1,14.11
13-Dec-02,451.81,30.49,13.4
16-Dec-02,463.26,31.24,13.67
17-Dec-02,458.6,31.22,13.66
18-Dec-02,452.78,30.58,13.22
19-Dec-02,449.12,30.45,13
20-Dec-02,455.46,31.41,13.27
23-Dec-02,456.06,31.32,13.44
24-Dec-02,453.27,30.94,13.35
26-Dec-02,450.6,30.92,13.1
27-Dec-02,443.04,30.27,13.01
30-Dec-02,444.77,30.26,12.97
31-Dec-02,444.75,30.06,13.1
2-Jan-03,459.5,31.18,13.64
3-Jan-03,459.2,31.29,13.91
6-Jan-03,469.74,32.39,14.2
7-Jan-03,467.84,31.96,14.6
8-Jan-03,460.06,31.72,14.44
9-Jan-03,469.92,32.39,14.95
10-Jan-03,470.41,32.47,15.22
13-Jan-03,470.83,32.77,15.28
14-Jan-03,474.31,32.68,15.58
15-Jan-03,466.88,32.03,15.18
16-Jan-03,464.7,31.78,14.9
17-Jan-03,457.36,31.4,14.13
21-Jan-03,450.35,30.57,14.18
22-Jan-03,445.67,29.83,13.96
23-Jan-03,450.7,29.99,14.59
24-Jan-03,436.14,28.66,13.86
27-Jan-03,429.47,28.42,13.71
28-Jan-03,434.65,29.78,14.22
29-Jan-03,437.54,29.9,14.08
30-Jan-03,426.71,29.53,13.87
31-Jan-03,432.57,30.21,13.37
3-Feb-03,435.7,30.36,13.48
4-Feb-03,428.84,29.51,13.2
5-Feb-03,426.01,29.47,13.2
6-Feb-03,423.49,28.71,13.24
7-Feb-03,418.79,28.69,12.85
10-Feb-03,422.03,28.55,13.15
11-Feb-03,418.58,28.21,13.47
12-Feb-03,413.61,27.64,13.2
13-Feb-03,414.04,27.68,13.31
14-Feb-03,422.57,28.19,13.68
18-Feb-03,431.48,29.17,14.31
19-Feb-03,428.8,29.13,14.42
20-Feb-03,424.29,28.63,14.26
21-Feb-03,429.87,28.62,14.67
24-Feb-03,421.47,28.05,14.42
25-Feb-03,424.88,28.11,14.08
26-Feb-03,418.72,27.83,13.51
27-Feb-03,423.5,28.13,13.75
28-Feb-03,425.36,28.56,13.98
3-Mar-03,422.18,28.2,13.72
4-Mar-03,415.36,27.86,13.63
5-Mar-03,420.3,28.18,13.74
6-Mar-03,416.49,27.68,13.48
7-Mar-03,420.12,28.12,13.24
10-Mar-03,409.64,27.11,13.01
11-Mar-03,406.74,26.86,13.02
12-Mar-03,408.92,26.78,12.69
13-Mar-03,422.99,28.1,13.42
14-Mar-03,424.07,28.47,13.4
17-Mar-03,438.64,30.32,14.13
18-Mar-03,440.38,30.66,14.2
19-Mar-03,444.84,30.87,14.22
20-Mar-03,445.79,31.21,14.04
21-Mar-03,456.36,32.2,13.9
24-Mar-03,439.67,30.91,13.51
25-Mar-03,444.77,29.98,13.72
26-Mar-03,442.07,29.92,13.66
27-Mar-03,441.01,29.28,13.5
28-Mar-03,437.94,29.1,13.22
31-Mar-03,429.13,28.26,12.98
1-Apr-03,435,28.59,12.98
2-Apr-03,447.46,29.61,13.64
3-Apr-03,445.1,29.56,13.64
4-Apr-03,446.69,30.24,13.71
7-Apr-03,447.25,30.49,13.57
8-Apr-03,447.15,30.03,13.43
9-Apr-03,440.53,29.32,13.04
10-Apr-03,442.73,29.72,13.04
11-Apr-03,440.97,29.51,13.21
14-Apr-03,449.61,30.35,13.47
15-Apr-03,452.08,31.45,13.34
16-Apr-03,446.78,30.99,13.56
17-Apr-03,453.71,31.61,13.95
21-Apr-03,453.06,31.09,13.94
22-Apr-03,463.08,32.3,14.32
23-Apr-03,467.31,31.98,14.33
24-Apr-03,462.95,31.58,14.35
25-Apr-03,456.2,31.27,14.34
28-Apr-03,464.78,31.96,14.98
29-Apr-03,465.93,32.16,15.14
30-Apr-03,465.53,32.27,15
1-May-03,465.34,32.18,15.12
2-May-03,471.87,32.78,15.27
5-May-03,469.29,32.66,15.38
6-May-03,472.71,33.33,15.9
7-May-03,470.31,33.25,15.5
8-May-03,465.34,32.62,15.22
9-May-03,472.25,33.93,15.95
12-May-03,477.96,34.45,16.67
13-May-03,475.41,34.35,16.47
14-May-03,473.98,34.45,16.42
15-May-03,477.68,34.94,16.75
16-May-03,475.72,34.62,16.63
19-May-03,464.05,33.83,15.94
20-May-03,463.58,33.81,15.99
21-May-03,465.2,34.17,15.7
22-May-03,469.38,34.05,15.92
23-May-03,469.75,34.09,15.69
27-May-03,478.99,34.71,16.15
28-May-03,479.65,35.49,16.28
29-May-03,477.42,34.97,16.62
30-May-03,483.2,35.51,16.41
2-Jun-03,485.36,36.13,16.8
3-Jun-03,488.11,36.1,17.01
4-Jun-03,495.03,37.05,17.37
5-Jun-03,496.14,37.08,17.37
6-Jun-03,495.67,36.81,17.36
9-Jun-03,491.34,36.46,17.23
10-Jun-03,496.09,36.74,17.4
11-Jun-03,501.95,37.21,17.6
12-Jun-03,502.84,37.2,17.78
13-Jun-03,497.82,37.02,17.41
16-Jun-03,509.33,38.01,17.98
17-Jun-03,510.56,37.51,17.98
18-Jun-03,509.65,37.43,18.73
19-Jun-03,501.76,36.69,18.56
20-Jun-03,502.39,36.59,17.93
23-Jun-03,495.77,35.91,17.24
24-Jun-03,496.49,36.25,16.75
25-Jun-03,491.6,36.2,16.87
26-Jun-03,497.06,36.3,17.13
27-Jun-03,491.61,36.16,16.89
30-Jun-03,490.39,35.64,16.79
1-Jul-03,494.9,35.81,17.24
2-Jul-03,500.74,36.13,17.86
3-Jul-03,496.08,36.12,17.52
7-Jul-03,505.5,37.23,18.22
8-Jul-03,506.34,37.78,18.73
9-Jul-03,503.63,37.43,18.8
10-Jul-03,497.09,36.99,18.31
11-Jul-03,502.48,37.56,18.57
14-Jul-03,505.19,38.79,18.61
15-Jul-03,504.07,38.57,18.51
16-Jul-03,501.07,38.91,18.23
17-Jul-03,494.8,38.3,17.76
18-Jul-03,501.5,38.91,17.89
21-Jul-03,492.8,37.99,17.93
22-Jul-03,497.64,38.25,18.67
23-Jul-03,497.79,38.18,18.88
24-Jul-03,493.65,37.94,18.58
25-Jul-03,502.94,38.96,19.08
28-Jul-03,501.49,38.46,19.08
29-Jul-03,497.85,38.32,19.16
30-Jul-03,497.29,37.9,19.28
31-Jul-03,499.27,37.74,19.49
1-Aug-03,493.64,37.1,19.15
4-Aug-03,495.5,37.31,19.26
5-Aug-03,486.66,36.27,18.86
6-Aug-03,488.13,37.21,17.65
7-Aug-03,491.76,37.8,17.53
8-Aug-03,493.8,37.92,17.58
11-Aug-03,495.12,37.66,17.71
12-Aug-03,499.74,38.37,17.83
13-Aug-03,495.29,38.27,17.59
14-Aug-03,498.22,38.92,17.8
15-Aug-03,498.3,38.88,17.79
18-Aug-03,502.79,38.96,18.27
19-Aug-03,503.92,39.13,18.55
20-Aug-03,501.89,38.85,18.57
21-Aug-03,502.04,39.25,18.87
22-Aug-03,497.42,38.81,18.79
25-Aug-03,497.66,38.56,18.98
26-Aug-03,499.28,38.07,19.1
27-Aug-03,498.73,38,19.01
28-Aug-03,501.24,38.41,19.19
29-Aug-03,503.36,38.49,19.14
2-Sep-03,510.86,38.95,19.59
3-Sep-03,514.5,39.01,20.24
4-Sep-03,516.18,38.87,20.59
5-Sep-03,512.49,38.62,20.42
8-Sep-03,518.02,39.05,20.86
9-Sep-03,513.92,38.93,20.78
10-Sep-03,508.77,38.49,20.46
11-Sep-03,511.37,38.82,20.71
12-Sep-03,512.3,38.37,20.66
15-Sep-03,509.96,38.14,20.39
16-Sep-03,517.36,38.66,21.29
17-Sep-03,515.43,38.75,21.14
18-Sep-03,522.6,40.23,21.42
19-Sep-03,520.62,40.2,21.02
22-Sep-03,513.31,39.83,20.78
23-Sep-03,516.12,40.17,21.15
24-Sep-03,505.46,39.22,20.32
25-Sep-03,502.62,38.97,20.06
26-Sep-03,499.61,38.33,19.96
29-Sep-03,505.02,38.95,20.2
30-Sep-03,498.56,38.5,19.59
1-Oct-03,510.33,39.44,20.2
2-Oct-03,511.2,39.54,19.99
3-Oct-03,515.17,39.89,20.76
6-Oct-03,517.04,39.85,20.8
7-Oct-03,519.64,40.09,21
8-Oct-03,516.54,39.84,20.79
9-Oct-03,518.48,40.34,20.95
10-Oct-03,518.05,40.69,20.79
13-Oct-03,520.97,41.24,21
14-Oct-03,523.3,41.97,21.14
15-Oct-03,522.14,41.36,21.02
16-Oct-03,523.51,41.43,21.04
17-Oct-03,518.12,40.97,20.64
20-Oct-03,521.43,41.04,21.08
21-Oct-03,521.76,41.45,21.11
22-Oct-03,513.4,40.28,20.63
23-Oct-03,514.88,40.79,20.16
24-Oct-03,511.25,40.78,19.8
27-Oct-03,510.77,40.03,19.93
28-Oct-03,518.64,40.71,20.9
29-Oct-03,518.66,40.55,20.82
30-Oct-03,517.53,39.84,20.86
31-Oct-03,519.98,40.19,20.93
3-Nov-03,524.01,40.45,21.71
4-Nov-03,521.38,40.35,21.58
5-Nov-03,520.25,40.51,21.8
6-Nov-03,523.84,40.57,22.9
7-Nov-03,520.7,39.82,22.34
10-Nov-03,518.77,39.46,22.19
11-Nov-03,518.66,38.95,22.35
12-Nov-03,524.19,39.41,22.97
13-Nov-03,522.99,39.22,22.7
14-Nov-03,519.01,38.82,22.26
17-Nov-03,516.23,37.62,22.05
18-Nov-03,512.22,38.09,21.73
19-Nov-03,516.82,38.43,22.05
20-Nov-03,511.79,38.02,21.94
21-Nov-03,511.77,38.45,22.17
24-Nov-03,519.31,38.66,22.8
25-Nov-03,519.54,38.84,22.62
26-Nov-03,521.21,39.16,22.81
28-Nov-03,520.74,39.14,22.7
1-Dec-03,526.6,39.44,23.18
2-Dec-03,524.71,39.22,23.11
3-Dec-03,524.42,39.38,23.3
4-Dec-03,527.56,39.45,23.98
5-Dec-03,523.51,38.96,23.75
8-Dec-03,527.67,39.52,24.29
9-Dec-03,524.15,39.14,23.23
10-Dec-03,525.33,38.7,23.78
11-Dec-03,530.16,38.75,23.93
12-Dec-03,531.78,38.71,24.09
15-Dec-03,530.47,38.8,23.98
16-Dec-03,534.75,38.77,23.77
17-Dec-03,535.2,38.54,23.49
18-Dec-03,540.49,40.05,24.17
19-Dec-03,540.26,40.43,23.79
22-Dec-03,542.28,40.63,23.98
23-Dec-03,543.42,40.83,23.94
24-Dec-03,542.01,41,23.87
26-Dec-03,542.78,40.96,23.75
29-Dec-03,549.23,41.53,24.4
30-Dec-03,549.07,41.44,24.12
31-Dec-03,550.78,41.39,24.23
2-Jan-04,549.99,40.98,24.25
5-Jan-04,557.31,41.34,24.77
6-Jan-04,557.75,41.4,25.06
7-Jan-04,559.31,41.52,25.56
8-Jan-04,562.88,41.4,26.34
9-Jan-04,556.55,41.1,26.48
12-Jan-04,559.41,40.93,27.03
13-Jan-04,555.75,41.08,26.89
14-Jan-04,559.77,41.83,27.4
15-Jan-04,560.42,42.63,27.16
16-Jan-04,564.72,42.83,29.13
20-Jan-04,563.75,43.11,28.86
21-Jan-04,568.64,43.25,28.6
22-Jan-04,566.21,42.91,28.22
23-Jan-04,565.41,42.87,27.33
26-Jan-04,573.44,43.72,28.2
27-Jan-04,567.15,43.32,27.5
28-Jan-04,559.49,42.69,26.78
29-Jan-04,563.1,43.72,25.96
30-Jan-04,560.31,44.49,25.71
2-Feb-04,562.76,45.09,26.2
3-Feb-04,563.36,45.06,26.41
4-Feb-04,558.87,44.85,24.08
5-Feb-04,559.61,44.69,23.82
6-Feb-04,566.06,45.53,24.74
9-Feb-04,563.72,45.58,24.67
10-Feb-04,566.35,45.35,24.78
11-Feb-04,572.39,46.09,24.24
12-Feb-04,569.43,45.78,24.05
13-Feb-04,565.92,46.04,24.06
17-Feb-04,571.24,46.06,24.25
18-Feb-04,568.33,45.82,24.09
19-Feb-04,566.06,45.82,23.68
20-Feb-04,564.87,45.62,23.19
23-Feb-04,564.58,45.53,22.75
24-Feb-04,563.69,45.64,23.05
25-Feb-04,565.86,45.98,23.58
26-Feb-04,565.49,45.82,23.35
27-Feb-04,564.54,45.84,23.16
1-Mar-04,569.43,46.04,23.53
2-Mar-04,565.86,45.83,23.03
3-Mar-04,566.51,45.9,22.7
4-Mar-04,568.32,45.79,23.19
5-Mar-04,568.45,45.28,22.89
8-Mar-04,563.67,45.6,22.36
9-Mar-04,560.9,45.64,22.12
10-Mar-04,552.8,44.79,22.21
11-Mar-04,544.16,44.22,22.34
12-Mar-04,549.92,44.73,23.13
15-Mar-04,542.26,43.72,22.78
16-Mar-04,545.56,43.46,23.12
17-Mar-04,551.48,43.76,23.5
18-Mar-04,550.69,44.24,23.17
19-Mar-04,543.68,43.83,22.5
22-Mar-04,536.1,43.09,22.35
23-Mar-04,535.15,43.09,22.36
24-Mar-04,534.49,42.93,22.67
25-Mar-04,544.31,42.86,23.58
26-Mar-04,543.52,42.93,23.4
29-Mar-04,550.46,43.64,23.85
30-Mar-04,552.53,44.55,23.93
31-Mar-04,551.13,44.58,23.57
1-Apr-04,553.64,44.88,23.74
2-Apr-04,558.1,45.08,24.43
5-Apr-04,562.86,45.22,24.81
6-Apr-04,561.58,45.05,24.65
7-Apr-04,557.28,45.04,24.24
8-Apr-04,556.12,44.83,24.15
12-Apr-04,559.49,44.93,24.13
13-Apr-04,552.24,44.19,23.62
14-Apr-04,551.88,42.82,23.26
15-Apr-04,552.47,42.77,22.82
16-Apr-04,554.94,43.49,22.48
19-Apr-04,555.78,43.17,22.86
20-Apr-04,547.1,42.57,22.11
21-Apr-04,549.2,42.89,22.37
22-Apr-04,555.24,43.66,23.15
23-Apr-04,556.8,43.22,23.32
26-Apr-04,554.62,43.23,23.14
27-Apr-04,555.62,43.12,22.94
28-Apr-04,547.84,42.16,22.37
29-Apr-04,544.54,42.16,21.91
30-Apr-04,540.88,42.09,20.91
3-May-04,545.85,42.46,21.12
4-May-04,547.15,42.4,21.37
5-May-04,547.19,42.58,21.26
6-May-04,543.9,42.28,21.5
7-May-04,537.35,41.69,21.69
10-May-04,532.68,41.48,21.62
11-May-04,536,41.39,22.25
12-May-04,537.17,41.45,21.96
13-May-04,536.23,41.67,21.76
14-May-04,535.47,42.01,21.24
17-May-04,530.4,41.93,20.93
18-May-04,533.82,42.12,21
19-May-04,532.28,41.99,21.36
20-May-04,533.2,42.41,21.52
21-May-04,534.33,42.67,21.64
24-May-04,534.04,42.93,21.65
25-May-04,542.39,43.38,22.24
26-May-04,542.6,43.2,22.35
27-May-04,546.32,43.87,22.54
28-May-04,545.13,43.59,22.37
1-Jun-04,545.11,43.5,22.24
2-Jun-04,547.58,43.78,22.41
3-Jun-04,543.92,43.63,22.35
4-Jun-04,547.08,43.83,22.78
7-Jun-04,555.69,44.24,23.89
8-Jun-04,556.74,44.42,23.74
9-Jun-04,552.3,44.05,23.56
10-Jun-04,554.9,44.02,23.82
14-Jun-04,550.06,43.89,23.32
15-Jun-04,552.79,44.04,23.64
16-Jun-04,553.43,44.29,23.88
17-Jun-04,552.6,44.24,23.36
18-Jun-04,554.81,44.67,23.42
21-Jun-04,552.36,44.28,22.87
22-Jun-04,553.47,44.28,23.22
23-Jun-04,557.8,44.18,23.97
24-Jun-04,555.71,43.81,23.68
25-Jun-04,549.75,44.15,23.43
28-Jun-04,550.48,43.8,23.3
29-Jun-04,552.51,44.08,23.71
30-Jun-04,553.87,44.26,23.7
1-Jul-04,549.01,44.22,23.11
2-Jul-04,547.17,44.14,22.95
6-Jul-04,543.33,43.79,22.37
7-Jul-04,544.25,43.94,22.42
8-Jul-04,540.21,43.31,22.17
9-Jul-04,542.63,43.08,22.36
12-Jul-04,543.7,42.82,22.29
13-Jul-04,544,42.63,22.14
14-Jul-04,541.79,42.43,22.1
15-Jul-04,537.88,42.13,22.13
16-Jul-04,535.9,41.98,21.53
19-Jul-04,536.29,41.74,21.36
20-Jul-04,539.65,42.32,21.88
21-Jul-04,533.02,41.65,21.17
22-Jul-04,535.49,41.63,21.39
23-Jul-04,530.38,41.44,20.93
26-Jul-04,530.09,42.13,20.54
27-Jul-04,535.53,42.59,20.71
28-Jul-04,536.46,42.98,20.5
29-Jul-04,537.28,43.04,20.8
30-Jul-04,537.67,43.29,20.92
2-Aug-04,540.41,43.31,21.24
3-Aug-04,537.92,43,20.74
4-Aug-04,538.49,43.25,21.12
5-Aug-04,530.19,42.69,20.61
6-Aug-04,521.83,42.5,19.93
9-Aug-04,522.42,42.47,20.05
10-Aug-04,528.77,43.15,20.46
11-Aug-04,526.54,43.19,18.29
12-Aug-04,519.56,42.62,17.79
13-Aug-04,520.72,42.51,17.86
16-Aug-04,527.3,42.57,18.23
17-Aug-04,528.4,42.84,18.68
18-Aug-04,534.84,43.1,18.99
19-Aug-04,533.1,42.93,19.1
20-Aug-04,536.04,43.07,18.88
23-Aug-04,534.89,42.81,19.18
24-Aug-04,534.98,42.86,18.97
25-Aug-04,539.57,43.03,19.32
26-Aug-04,539.46,43.18,19.17
27-Aug-04,540.88,43.07,19.47
30-Aug-04,536.55,42.75,19.03
31-Aug-04,538.77,43.09,18.76
1-Sep-04,538.6,43.17,19.09
2-Sep-04,544.15,43.48,19.3
3-Sep-04,541.06,43.3,18.75
7-Sep-04,545,43.93,19.05
8-Sep-04,543.12,43.88,19.31
9-Sep-04,543.89,43.85,19.93
10-Sep-04,546.25,44.22,20.46
13-Sep-04,546.11,44.36,20.25
14-Sep-04,546.93,44.22,20.35
15-Sep-04,542.63,43.85,19.56
16-Sep-04,543.35,43.85,19.59
17-Sep-04,545.8,44.28,19.16
20-Sep-04,541.93,44.07,19.3
21-Sep-04,544.74,44.35,19.65
22-Sep-04,536.84,43.82,18.96
23-Sep-04,534.2,43.82,18.9
24-Sep-04,534.37,44.12,18.4
27-Sep-04,531.02,43.63,18.04
28-Sep-04,534.19,43.79,18.07
29-Sep-04,536.56,44.26,18.31
30-Sep-04,534.86,44.33,18.1
1-Oct-04,543.11,44.49,18.93
4-Oct-04,544.74,45.34,18.96
5-Oct-04,544.48,45.45,19.1
6-Oct-04,547.89,45.99,19.53
7-Oct-04,542.28,45.82,19.13
8-Oct-04,538.47,45.11,18.78
11-Oct-04,539.92,45.36,18.98
12-Oct-04,539.22,45.51,19.16
13-Oct-04,535.48,45.03,18.86
14-Oct-04,529.58,44.65,18.59
15-Oct-04,531.8,45.33,18.48
18-Oct-04,535.18,45.5,18.65
19-Oct-04,530.99,45.04,18.7
20-Oct-04,530.72,44.99,18.45
21-Oct-04,531.26,45.15,18.63
22-Oct-04,525.16,44.67,18.27
25-Oct-04,524,44.16,18.06
26-Oct-04,531.69,44.71,18.11
27-Oct-04,537.78,45.37,18.55
28-Oct-04,539.48,45.55,18.95
29-Oct-04,540.65,45.82,19.21
1-Nov-04,540.5,45.68,19.26
2-Nov-04,540.67,46.62,19.29
3-Nov-04,546.73,46.92,19.28
4-Nov-04,555.62,47.45,19.52
5-Nov-04,557.9,47.59,19.97
8-Nov-04,557.3,47.28,19.97
9-Nov-04,556.9,47.17,19.75
10-Nov-04,555.54,47.29,18.44
11-Nov-04,560.18,47.83,18.74
12-Nov-04,566.22,48.03,19.26
15-Nov-04,566.09,48.35,19.55
16-Nov-04,562.26,48.14,19.38
17-Nov-04,565.72,48.39,19.54
18-Nov-04,565.97,48.38,19.52
19-Nov-04,559.69,48.09,19.01
22-Nov-04,561.64,48.46,19.15
23-Nov-04,561.29,48.52,19
24-Nov-04,562.7,48.57,19.21
26-Nov-04,562.65,48.45,19.23
29-Nov-04,560.15,48.2,18.94
30-Nov-04,557.47,48.1,18.75
1-Dec-04,566.21,48.74,19.15
2-Dec-04,566.45,48.48,19.2
3-Dec-04,567.08,48.57,19.43
6-Dec-04,566.59,48.58,19.82
7-Dec-04,560.94,47.88,19.73
8-Dec-04,563.81,48.08,19.8
9-Dec-04,566.37,47.75,19.4
10-Dec-04,565.5,47.64,19.42
13-Dec-04,570.41,47.52,19.27
14-Dec-04,572.42,48.31,19.28
15-Dec-04,573.45,48.47,19.4
16-Dec-04,573.46,48.3,19.4
17-Dec-04,567.39,48.27,18.99
20-Dec-04,567.8,48.22,19.05
21-Dec-04,573.36,48.73,19.36
22-Dec-04,575.34,49.15,19.32
23-Dec-04,576.06,48.72,19.45
27-Dec-04,573.86,48.57,19.3
28-Dec-04,577.16,48.65,19.26
29-Dec-04,576.53,48.59,19.31
30-Dec-04,576.1,48.48,19.42
31-Dec-04,575.29,48.67,19.32
3-Jan-05,572.33,48.27,19.32
4-Jan-05,566.77,47.55,18.56
5-Jan-05,565.21,47.11,18.57
6-Jan-05,567.54,46.87,18.85
7-Jan-05,566.38,46.52,18.72
10-Jan-05,568.27,46.61,18.72
11-Jan-05,564.68,46.18,18.64
12-Jan-05,567.31,46.08,18.93
13-Jan-05,561.56,45.76,18.78
14-Jan-05,564.44,45.62,18.88
18-Jan-05,569.53,45.99,18.74
19-Jan-05,563.89,45.91,18.15
20-Jan-05,561.19,45.34,18.32
21-Jan-05,557.32,44.94,18.01
24-Jan-05,556.29,45.52,17.75
25-Jan-05,559.87,46.24,17.51
26-Jan-05,561.78,45.95,17.69
27-Jan-05,562.36,45.67,18.18
28-Jan-05,560.95,45.69,17.9
31-Jan-05,564.88,46.16,18.04
1-Feb-05,568.19,49.11,18.13
2-Feb-05,570.28,48.26,18.15
3-Feb-05,568.21,47.95,17.52
4-Feb-05,575.09,48.3,17.9
7-Feb-05,575.27,48.08,18.16
8-Feb-05,576.34,47.65,18.24
9-Feb-05,571.97,47.39,17.63
10-Feb-05,574.63,47.69,17.58
11-Feb-05,577.18,47.76,17.7
14-Feb-05,577.18,47.25,17.97
15-Feb-05,578.86,47.16,17.92
16-Feb-05,578.24,47.26,17.71
17-Feb-05,573.99,47.16,17.45
18-Feb-05,575.42,46.84,17.3
22-Feb-05,567.25,46.54,17.31
23-Feb-05,570.43,46.72,17.28
24-Feb-05,573.77,47.03,17.18
25-Feb-05,578.57,47.23,17.2
28-Feb-05,574.41,46.86,17.42
1-Mar-05,577.8,47.29,17.5
2-Mar-05,577.79,47.33,17.74
3-Mar-05,577.93,47.34,17.8
4-Mar-05,583.23,47.55,18.04
7-Mar-05,584.43,47.55,18.24
8-Mar-05,582.21,47.09,18.12
9-Mar-05,576.73,46.42,18.53
10-Mar-05,578.4,46.75,18.71
11-Mar-05,573.55,46.33,18.45
14-Mar-05,576.18,46.6,18.54
15-Mar-05,571.8,46.29,18.25
16-Mar-05,567.41,45.58,18.07
17-Mar-05,568.03,45.39,18.03
18-Mar-05,567.94,45.34,17.8
21-Mar-05,564.39,45.25,17.94
22-Mar-05,558.13,44.29,17.92
23-Mar-05,558.91,43.63,17.75
24-Mar-05,557.75,43.51,17.88
28-Mar-05,559.7,44.21,17.89
29-Mar-05,555.96,44.05,17.75
30-Mar-05,562.9,44.64,18.03
31-Mar-05,561.83,44.56,17.89
1-Apr-05,557.43,44.15,17.7
4-Apr-05,559.46,44.5,17.67
5-Apr-05,562.11,44.43,17.82
6-Apr-05,562.76,44.69,17.77
7-Apr-05,566.29,44.89,18.15
8-Apr-05,562.18,44.7,17.9
11-Apr-05,562.12,44.51,17.99
12-Apr-05,565.88,45.24,18.24
13-Apr-05,560.32,45.17,18
14-Apr-05,555.6,44.33,17.81
15-Apr-05,547.25,43.99,17.2
18-Apr-05,548.15,44.17,17.02
19-Apr-05,550.97,43.84,17.18
20-Apr-05,543.6,43.39,17.19
21-Apr-05,554.67,43.71,17.68
22-Apr-05,551.4,43.2,17.43
25-Apr-05,555.33,44.21,17.48
26-Apr-05,550.52,44.71,17.28
27-Apr-05,552.86,45.19,17.25
28-Apr-05,546.12,44.84,17.14
29-Apr-05,552.74,45.71,17.27
2-May-05,554.77,46.01,17.26
3-May-05,554.41,45.97,17.31
4-May-05,560.61,46.42,17.65
5-May-05,559.03,46.13,18
6-May-05,558.2,45.97,18.02
9-May-05,561.32,45.79,18.21
10-May-05,555.21,45.52,18.21
11-May-05,556.82,45.43,18.55
12-May-05,551.81,45.22,18.7
13-May-05,550.12,44.89,18.89
16-May-05,554.9,45.5,19.09
17-May-05,557.99,45.66,19.06
18-May-05,563.37,46.44,19.24
19-May-05,566.14,46.18,19.38
20-May-05,565.57,46.02,19.47
23-May-05,567.39,46.01,19.55
24-May-05,567.51,45.88,20
25-May-05,565.93,45.65,19.62
26-May-05,568.93,45.87,19.9
27-May-05,568.75,46.19,19.79
31-May-05,564.49,46.71,19.4
1-Jun-05,569.24,46.91,19.64
2-Jun-05,569.72,47.05,19.88
3-Jun-05,565.1,46.99,19.4
6-Jun-05,565.38,46.96,19.38
7-Jun-05,565.81,47.42,19.41
8-Jun-05,564.73,47.31,19.41
9-Jun-05,566.82,47.44,19.47
10-Jun-05,566.15,47.45,19.24
13-Jun-05,566.98,47.67,19.3
14-Jun-05,567.79,47.7,19.18
15-Jun-05,569.1,47.7,19.32
16-Jun-05,570.29,47.64,19.53
17-Jun-05,572.15,47.56,19.53
20-Jun-05,571.75,47.37,19.6
21-Jun-05,570.85,47.49,19.77
22-Jun-05,570.83,47.51,19.8
23-Jun-05,564.38,46.56,19.78
24-Jun-05,559.76,46.5,19.3
27-Jun-05,559.46,46.29,19.03
28-Jun-05,563.99,46.84,19.16
29-Jun-05,563.8,46.52,19.36
30-Jun-05,558.07,46.27,19.08
1-Jul-05,558.88,46.54,18.99
5-Jul-05,563.39,46.9,18.82
6-Jul-05,558.63,46.3,18.82
7-Jul-05,559.14,46.48,18.84
8-Jul-05,566.52,46.88,19.31
11-Jul-05,569.63,46.92,19.54
12-Jul-05,570.78,46.79,19.78
13-Jul-05,572.01,46.88,19.97
14-Jul-05,575.03,47.01,19.94
15-Jul-05,575.55,46.73,19.89
18-Jul-05,571.05,46.07,19.65
19-Jul-05,574.34,46.42,20.17
20-Jul-05,576.49,46.86,20.12
21-Jul-05,572.51,47.23,19.56
22-Jul-05,574.41,47.44,19.32
25-Jul-05,572.13,47.43,18.85
26-Jul-05,572.61,47.18,19.06
27-Jul-05,575.09,47.77,19.18
28-Jul-05,577.5,48.22,19.3
29-Jul-05,572.59,47.81,19.15
1-Aug-05,573.02,47.66,19.26
2-Aug-05,577.06,48.16,19.49
3-Aug-05,577.49,48.23,19.54
4-Aug-05,573.52,48.55,19.43
5-Aug-05,570.47,48.51,19.3
8-Aug-05,568.88,48.42,19.25
9-Aug-05,573.23,48.32,19.61
10-Aug-05,571.19,49.11,18.25
11-Aug-05,575.35,49.38,18.06
12-Aug-05,570.71,49.26,17.8
15-Aug-05,572.12,49.14,17.71
16-Aug-05,566.32,48.73,17.63
17-Aug-05,567.24,48.71,17.84
18-Aug-05,566.98,48.78,17.66
19-Aug-05,566.58,48.77,17.82
22-Aug-05,567.46,48.92,17.69
23-Aug-05,565.33,48.68,17.76
24-Aug-05,560.85,48.19,17.52
25-Aug-05,561.76,48.45,17.48
26-Aug-05,558.72,47.82,17.4
29-Aug-05,562.15,48.58,17.64
30-Aug-05,560.01,47.98,17.51
31-Aug-05,564.28,48.02,17.62
1-Sep-05,564.23,48.07,17.65
2-Sep-05,563,48.12,17.72
6-Sep-05,570.48,49.51,18.2
7-Sep-05,571.98,49.87,18.4
8-Sep-05,570.16,49.86,18.37
9-Sep-05,574.13,50.58,18.58
12-Sep-05,573.53,50.93,18.48
13-Sep-05,569.51,50.19,18.25
14-Sep-05,567.41,49.52,17.84
15-Sep-05,568.29,50.04,18.03
16-Sep-05,573.37,51.69,18.42
19-Sep-05,570.1,51.31,18.17
20-Sep-05,566.06,50.85,17.97
21-Sep-05,560.78,49.55,17.85
22-Sep-05,562.85,49.55,18.11
23-Sep-05,562.28,49.46,18.05
26-Sep-05,562.09,49.55,17.92
27-Sep-05,561.61,49.29,17.72
28-Sep-05,562.64,49.22,17.92
29-Sep-05,566.79,49.99,17.86
30-Sep-05,566.8,49.93,17.92
3-Oct-05,564.96,50.4,17.74
4-Oct-05,559.81,49.58,17.67
5-Oct-05,552.55,49.84,17.5
6-Oct-05,551.26,49.84,17.73
7-Oct-05,552.92,49.59,17.63
10-Oct-05,550,48.83,17.49
11-Oct-05,549.31,48.96,17.19
12-Oct-05,547.39,47.99,17.43
13-Oct-05,547.42,48.03,17.3
14-Oct-05,550.49,47.73,17.27
17-Oct-05,551.56,47.9,17.17
18-Oct-05,546.66,47.67,16.98
19-Oct-05,554.06,48.75,17.2
20-Oct-05,545.13,47.15,16.93
21-Oct-05,544.5,46.94,17.03
24-Oct-05,553.25,49.32,17.16
25-Oct-05,552.71,49.49,17.12
26-Oct-05,550.39,49.91,17.1
27-Oct-05,545.27,48.68,17.05
28-Oct-05,554.48,49.32,17.14
31-Oct-05,556.74,49.54,17.45
1-Nov-05,554.38,48.93,17.48
2-Nov-05,559.12,49.74,17.63
3-Nov-05,561.4,49.5,17.51
4-Nov-05,561.97,49.18,17.87
7-Nov-05,563.3,49.57,17.85
8-Nov-05,561.6,48.91,17.86
9-Nov-05,562.89,49.11,17.75
10-Nov-05,567.18,49.63,17.15
11-Nov-05,569.01,50.22,17.47
14-Nov-05,568.81,50.68,17.35
15-Nov-05,566.91,50.7,17.27
16-Nov-05,566.93,49.85,17.22
17-Nov-05,571.17,49.28,17.37
18-Nov-05,574.69,49.68,17.02
21-Nov-05,577.15,50.67,17.06
22-Nov-05,579.83,51.52,17.28
23-Nov-05,582.01,52.16,17.44
25-Nov-05,583.24,52.38,17.55
28-Nov-05,579.13,52.6,17.48
29-Nov-05,578.84,51.89,17.51
30-Nov-05,574.56,51.19,17.54
1-Dec-05,580.22,51.75,17.69
2-Dec-05,579.61,51.38,17.64
5-Dec-05,578.54,51.16,17.5
6-Dec-05,578.65,51.27,17.56
7-Dec-05,575.85,50.88,17.78
8-Dec-05,573.87,50.42,17.64
9-Dec-05,574.63,50.92,17.55
12-Dec-05,574.97,50.8,17.52
13-Dec-05,578.23,50.54,17.5
14-Dec-05,581.22,51.23,17.69
15-Dec-05,580.85,51.2,17.76
16-Dec-05,579.08,51.69,17.52
19-Dec-05,577.14,51.04,17.47
20-Dec-05,576.19,51.52,17.31
21-Dec-05,577.01,52.15,17.21
22-Dec-05,579.35,52.06,17.29
23-Dec-05,579.41,52.07,17.35
27-Dec-05,574.01,51.04,17.25
28-Dec-05,574.22,51.2,17.29
29-Dec-05,572.81,50.88,17.24
30-Dec-05,570,51.23,17.12
3-Jan-06,579.25,52.34,17.45
4-Jan-06,580.69,51.83,17.85
5-Jan-06,580.76,52.38,18.35
6-Jan-06,585.02,52.56,18.77
9-Jan-06,586.69,53.87,19.06
10-Jan-06,586.1,53.71,18.97
11-Jan-06,588.36,53.42,19.4
12-Jan-06,584.25,53.43,19.2
13-Jan-06,584.62,53.32,18.92
17-Jan-06,581.8,52.84,18.68
18-Jan-06,579.33,52.65,18.73
19-Jan-06,582.51,52.47,19.02
20-Jan-06,571.51,51.28,18.51
23-Jan-06,572.54,51.32,18.16
24-Jan-06,572.52,52.7,18.33
25-Jan-06,572.56,52.78,18.57
26-Jan-06,576.07,52.2,18.58
27-Jan-06,580.8,52.18,18.78
30-Jan-06,581.67,51.57,18.89
31-Jan-06,578.77,51.35,18.57
1-Feb-06,580.61,51.51,18.58
2-Feb-06,575.15,51.45,18.37
3-Feb-06,572.24,51.23,18.15
6-Feb-06,572.55,51.12,17.83
7-Feb-06,568.76,50.97,18.09
8-Feb-06,574.99,51.62,19.4
9-Feb-06,574.91,51.92,19.55
10-Feb-06,576.65,51.88,19.76
13-Feb-06,574.86,51.9,19.55
14-Feb-06,580.26,52.38,19.7
15-Feb-06,582.42,53.05,19.94
16-Feb-06,585.79,53.33,19.98
17-Feb-06,585.04,53.3,19.86
21-Feb-06,582.91,52.73,19.58
22-Feb-06,585.8,53.69,19.67
23-Feb-06,583.19,53.42,19.72
24-Feb-06,583.75,53.71,19.85
27-Feb-06,586.15,53.59,19.97
28-Feb-06,580.82,52.75,20.24
1-Mar-06,585.25,52.98,21.06
2-Mar-06,584,52.65,20.88
3-Mar-06,583.92,52.62,21.04
6-Mar-06,580.87,52.62,21.05
7-Mar-06,580.67,52.46,20.87
8-Mar-06,582.25,52.71,20.86
9-Mar-06,579.62,52.08,20.44
10-Mar-06,584.22,53.09,20.82
13-Mar-06,584.85,52.71,20.86
14-Mar-06,589.69,52.82,21.25
15-Mar-06,591.74,52.88,21.44
16-Mar-06,592.71,52.98,21.25
17-Mar-06,593.49,53.5,21.62
20-Mar-06,593.41,52.98,21.68
21-Mar-06,590.9,52.46,21.41
22-Mar-06,594.79,52.42,21.42
23-Mar-06,592.5,51.98,21.41
24-Mar-06,592.78,52.06,21.36
27-Mar-06,592.15,52.24,21.69
28-Mar-06,587.32,51.46,21.33
29-Mar-06,590.91,51.39,21.57
30-Mar-06,590.26,51.03,21.97
31-Mar-06,587.75,51.44,21.67
3-Apr-06,589.38,51.33,21.59
4-Apr-06,592.88,52.11,21.56
5-Apr-06,594.75,51.9,21.69
6-Apr-06,592.91,51.29,21.18
7-Apr-06,586.71,50.73,20.81
10-Apr-06,587.68,50.87,20.99
11-Apr-06,583.59,50.28,21.03
12-Apr-06,583.97,50.23,21.02
13-Apr-06,584.51,50.25,21.18
17-Apr-06,582.46,50.04,20.86
18-Apr-06,592.18,51.31,21.47
19-Apr-06,592.34,50.89,21.26
20-Apr-06,593.39,51.45,21.03
21-Apr-06,593.13,51.27,20.68
24-Apr-06,592.11,50.8,20.29
25-Apr-06,590.25,50.34,20.47
26-Apr-06,592.8,50.92,20.73
27-Apr-06,596.19,52.69,20.98
28-Apr-06,595.89,52.8,20.95
1-May-06,593.46,51.82,20.96
2-May-06,597.1,51.54,21.39
3-May-06,594.32,51.39,21.49
4-May-06,596.66,51.76,21.86
5-May-06,603.04,52.74,21.75
8-May-06,602.91,52.59,21.76
9-May-06,603.82,52.56,21.68
10-May-06,601.98,52.61,20.75
11-May-06,594.72,51.72,20.05
12-May-06,588.7,51.89,20.34
15-May-06,591.12,52.13,20.56
16-May-06,590.75,51.98,20.21
17-May-06,580.53,51.02,20.18
18-May-06,577.26,50.93,20.29
19-May-06,578.88,51.25,20.87
22-May-06,577.66,50.92,20.6
23-May-06,575.7,51.24,20.37
24-May-06,577.48,52.4,20.49
25-May-06,583.16,53.07,20.52
26-May-06,586.45,53.38,20.31
30-May-06,577.21,52.79,19.77
31-May-06,581.2,53.34,19.68
1-Jun-06,587.25,53.75,20.5
2-Jun-06,588.44,53.69,20.44
5-Jun-06,578.55,52.59,19.88
6-Jun-06,578.44,52.26,20.17
7-Jun-06,574.99,52.47,19.91
8-Jun-06,575.94,52.38,19.89
9-Jun-06,572.75,52.45,19.97
12-Jun-06,566.97,51.83,19.48
13-Jun-06,560.7,51.24,19.36
14-Jun-06,563.94,51.75,19.61
15-Jun-06,574.17,52.56,20.22
16-Jun-06,572.76,51.92,19.98
19-Jun-06,568.53,51.24,19.82
20-Jun-06,568.72,51.74,19.73
21-Jun-06,573.71,52.13,20.07
22-Jun-06,570.82,51.76,19.69
23-Jun-06,569.47,51.6,19.61
26-Jun-06,572.29,51.99,19.6
27-Jun-06,567.83,51.32,19.3
28-Jun-06,570.88,51.2,19.38
29-Jun-06,582.2,52.87,19.91
30-Jun-06,579.56,52.22,19.53
3-Jul-06,584.74,52.65,20
5-Jul-06,581.79,51.66,19.6
6-Jul-06,584.16,51.69,19.63
7-Jul-06,580.62,51.14,19.39
10-Jul-06,581.6,51.26,18.97
11-Jul-06,583.68,51.65,18.69
12-Jul-06,576.96,51.36,18.26
13-Jul-06,570.08,50.43,18.02
14-Jul-06,567.32,50.45,17.94
17-Jul-06,566.62,50.43,17.97
18-Jul-06,568.35,50.13,17.88
19-Jul-06,578.96,51.26,18
20-Jul-06,574.97,50.96,17.88
21-Jul-06,572.5,49.81,17.46
24-Jul-06,581.66,49.84,17.95
25-Jul-06,584.31,50.02,18.07
26-Jul-06,584.5,50.92,17.94
27-Jul-06,583.55,50.46,17.69
28-Jul-06,590.2,51.35,18.08
31-Jul-06,588.74,51.22,17.88
1-Aug-06,586.32,51.27,17.48
2-Aug-06,589.52,50.94,17.48
3-Aug-06,589.55,51.29,17.56
4-Aug-06,589.05,51.37,17.24
7-Aug-06,587.82,51.26,17.41
8-Aug-06,586.13,51.43,17.29
9-Aug-06,584.48,51.22,19.78
10-Aug-06,587.04,51.14,19.56
11-Aug-06,585.6,50.97,19.54
14-Aug-06,586.76,50.97,20.09
15-Aug-06,593.49,51.96,20.65
16-Aug-06,597.24,52.18,21.1
17-Aug-06,598.11,52.65,20.85
18-Aug-06,601.5,52.4,20.86
21-Aug-06,599.93,52.44,20.91
22-Aug-06,600.26,52.24,21.24
23-Aug-06,598.44,52.15,21.05
24-Aug-06,599.74,52.28,21.09
25-Aug-06,599.41,52.07,21.05
28-Aug-06,602.13,52.09,21.41
29-Aug-06,603.11,51.7,21.68
30-Aug-06,603.38,51.63,21.67
31-Aug-06,602.03,51.69,21.99
1-Sep-06,605.59,51.7,22.27
5-Sep-06,606.06,51.8,22.09
6-Sep-06,601.2,51.48,21.69
7-Sep-06,598.5,51.46,21.54
8-Sep-06,600.43,51.77,21.75
11-Sep-06,600.76,51.64,21.96
12-Sep-06,606.21,51.76,22.65
13-Sep-06,608.13,52.55,22.65
14-Sep-06,607.78,52.62,22.7
15-Sep-06,608.83,52.89,22.72
18-Sep-06,610.17,52.63,22.84
19-Sep-06,609.5,52.55,22.76
20-Sep-06,613.34,53.39,23.27
21-Sep-06,610.24,53.37,23.01
22-Sep-06,609.38,53.24,22.88
25-Sep-06,614.56,54.06,23.23
26-Sep-06,619.82,55.06,23.5
27-Sep-06,620.35,55.13,23.35
28-Sep-06,621.54,55.09,23.48
29-Sep-06,620.03,55.18,22.98
2-Oct-06,619.24,54.29,22.98
3-Oct-06,621.44,55.09,23.41
4-Oct-06,628.33,55.8,23.93
5-Oct-06,628.59,55.89,23.9
6-Oct-06,627.54,55.83,24.09
9-Oct-06,627.43,55.76,24.31
10-Oct-06,628.71,56.88,24.33
11-Oct-06,627.11,56.68,24.4
12-Oct-06,632.46,57.11,24.45
13-Oct-06,633.61,57.24,24.53
16-Oct-06,634.58,56.86,24.59
17-Oct-06,632.79,57.32,24.48
18-Oct-06,634.3,57.15,24.18
19-Oct-06,634.27,57.19,24.16
20-Oct-06,636.01,57.26,24.55
23-Oct-06,639.93,55.89,24.43
24-Oct-06,639.83,55.94,24.34
25-Oct-06,642.54,56.1,24.29
26-Oct-06,645.42,57.04,24.19
27-Oct-06,640.57,56.5,23.72
30-Oct-06,640.28,56.54,23.9
31-Oct-06,640.57,57.03,24.13
1-Nov-06,636.91,56.87,24.1
2-Nov-06,636.74,56.69,24.05
3-Nov-06,635.5,56.29,23.77
6-Nov-06,642.72,57.38,24.68
7-Nov-06,644.19,57.66,24.84
8-Nov-06,645.36,58.28,25.1
9-Nov-06,642.71,58.12,26.71
10-Nov-06,643.32,58.07,26.74
13-Nov-06,644.68,58.18,26.68
14-Nov-06,648.54,58.54,26.64
15-Nov-06,649.24,58.68,26.6
16-Nov-06,651.06,58.77,27.15
17-Nov-06,652.6,59.04,26.93
20-Nov-06,652.02,58.78,27.11
21-Nov-06,652.66,58.61,26.8
22-Nov-06,653.52,59.08,26.91
24-Nov-06,650.58,59.09,26.84
27-Nov-06,642.47,58.03,25.8
28-Nov-06,644.92,58.11,27.03
29-Nov-06,650.12,57.98,27.08
30-Nov-06,649.64,57.93,26.91
1-Dec-06,648.33,57.76,26.69
4-Dec-06,652.21,59.08,27.25
5-Dec-06,654.06,59.05,27.04
6-Dec-06,652.67,58.87,27.09
7-Dec-06,650.52,58.37,26.88
8-Dec-06,652.22,59.03,26.98
11-Dec-06,654.19,58.51,27.11
12-Dec-06,654.22,58.32,27.08
13-Dec-06,655.45,59.16,27.25
14-Dec-06,661.71,61.07,27.31
15-Dec-06,663.11,60.81,27.56
18-Dec-06,662.4,60.94,27.61
19-Dec-06,663.81,60.72,27.63
20-Dec-06,662.47,60.51,27.39
21-Dec-06,660.01,60.04,27.29
22-Dec-06,656.21,60.03,26.93
26-Dec-06,659.58,60.34,27.19
27-Dec-06,664.42,60.74,27.3
28-Dec-06,663.64,60.32,27.42
29-Dec-06,660.41,59.85,27.33
3-Jan-07,660.29,59.7,27.73
4-Jan-07,661,59.26,28.46
5-Jan-07,657.5,58.48,28.47
8-Jan-07,659.15,59.03,28.63
9-Jan-07,657.89,58.66,28.47
10-Jan-07,658.35,58.62,28.68
11-Jan-07,661.64,58.8,28.69
12-Jan-07,665.67,58.36,28.92
16-Jan-07,666.03,58.48,28.04
17-Jan-07,665.2,58.57,26.98
18-Jan-07,664.04,58.35,26.45
19-Jan-07,665.38,57.45,26.7
22-Jan-07,662.41,57.42,26.53
23-Jan-07,664.12,56.91,26.04
24-Jan-07,669.94,58.28,26.89
25-Jan-07,661.34,57.13,26.22
26-Jan-07,660.35,57.21,26.35
29-Jan-07,659.55,57.01,26.21
30-Jan-07,662.79,57.37,26.25
31-Jan-07,666.78,57.58,26.62
1-Feb-07,668.89,57.43,26.59
2-Feb-07,669.59,57.52,27.14
5-Feb-07,669.21,57.56,27.51
6-Feb-07,668.91,57.42,27.28
7-Feb-07,668.46,58.03,28.09
8-Feb-07,667.16,57.85,28.14
9-Feb-07,663.18,56.9,27.71
12-Feb-07,661.02,56.37,27.54
13-Feb-07,665.82,56.97,27.18
14-Feb-07,670.21,58.04,27.46
15-Feb-07,669.73,58.2,27.56
16-Feb-07,668.84,58.37,27.52
20-Feb-07,670.05,58.06,27.66
21-Feb-07,668.4,57.89,27.38
22-Feb-07,667.22,57.51,27.4
23-Feb-07,664.01,57.38,27.51
26-Feb-07,663.38,56.51,27.24
27-Feb-07,639.71,54.98,25.71
28-Feb-07,643.74,56.24,25.94
1-Mar-07,642.05,55.93,25.85
2-Mar-07,635.28,54.83,25.3
5-Mar-07,630.47,54.3,25.46
6-Mar-07,639.96,55.75,25.96
7-Mar-07,638.16,55.25,25.87
8-Mar-07,642.28,56.19,26.15
9-Mar-07,642.42,56.27,26.08
12-Mar-07,644.19,56.09,26.17
13-Mar-07,631.17,54.15,25.5
14-Mar-07,635.15,55.1,25.85
15-Mar-07,636.74,55.49,25.81
16-Mar-07,633.94,54.94,25.99
19-Mar-07,640.69,55.42,26.3
20-Mar-07,644.71,55.64,26.34
21-Mar-07,655.51,56.86,26.79
22-Mar-07,656.07,56.81,26.37
23-Mar-07,655.98,56.8,26.19
26-Mar-07,656.92,56.57,26.34
27-Mar-07,653.07,55.81,25.93
28-Mar-07,647.87,55.25,25.7
29-Mar-07,650.93,55.84,25.43
30-Mar-07,649.89,55.78,25.53
2-Apr-07,650.65,55.25,25.4
3-Apr-07,656.66,55.45,25.85
4-Apr-07,657.77,55.84,26.1
5-Apr-07,659.73,55.49,26.06
9-Apr-07,660.13,55.89,26.2
10-Apr-07,662.08,55.94,25.99
11-Apr-07,658.13,55.58,25.79
12-Apr-07,662.38,56.04,25.97
13-Apr-07,665.35,56.88,26.68
16-Apr-07,671.97,58.07,26.62
17-Apr-07,673.56,57.75,26.84
18-Apr-07,674.1,57.95,26.87
19-Apr-07,673.99,58.46,26.68
20-Apr-07,680.82,60.49,26.99
23-Apr-07,677.59,60.64,26.58
24-Apr-07,677.16,60.4,26.33
25-Apr-07,684.37,61.8,26.78
26-Apr-07,683.66,61.62,26.55
27-Apr-07,684.42,61.62,27.03
30-Apr-07,680.65,60.16,26.74
1-May-07,683.22,60.81,26.86
2-May-07,686.42,62.22,27.67
3-May-07,689.4,62.93,27.7
4-May-07,690.95,62.86,27.91
7-May-07,692.79,62.74,27.81
8-May-07,692.05,62.74,28.36
9-May-07,693.43,62.75,26.51
10-May-07,683.73,62.23,26.29
11-May-07,690.04,62.44,26.63
14-May-07,689.31,61.9,26.29
15-May-07,689.18,62.49,26.13
16-May-07,695.95,63.45,26.48
17-May-07,695.16,63.03,26.28
18-May-07,699.8,63.43,26.21
21-May-07,699.91,63.73,26.4
22-May-07,699.12,63.73,26.37
23-May-07,699.01,63.46,25.97
24-May-07,693.47,63.49,25.4
25-May-07,697.27,63.1,25.52
29-May-07,697.7,63.8,25.9
30-May-07,702.99,64.46,26.39
31-May-07,702.43,64.44,26.92
1-Jun-07,704.71,64.53,26.86
4-Jun-07,705.57,64.48,27.01
5-Jun-07,702.28,64.25,27.2
6-Jun-07,696.57,63.21,26.6
7-Jun-07,685.33,62.22,25.85
8-Jun-07,693.11,62.51,26.48
11-Jun-07,693.73,62.53,26.32
12-Jun-07,686.16,61.6,26.06
13-Jun-07,696.06,62.62,26.53
14-Jun-07,699.82,62.61,26.83
15-Jun-07,704.53,63.24,27.39
18-Jun-07,704.18,62.61,27.21
19-Jun-07,705.79,62.62,27.3
20-Jun-07,696.78,61.53,27.2
21-Jun-07,700.78,62.14,27.32
22-Jun-07,690.77,61.27,26.92
25-Jun-07,689.72,61.28,27.03
26-Jun-07,687.78,60.82,27.15
27-Jun-07,693.94,61.02,27.27
28-Jun-07,693.86,60.71,27.85
29-Jun-07,692.77,60.67,27.85
2-Jul-07,699.49,61.27,27.89
3-Jul-07,702.93,62.05,28.1
5-Jul-07,702.82,61.02,28.37
6-Jul-07,704.5,61.15,28.47
9-Jul-07,705.58,62.07,28.45
10-Jul-07,696.21,59.94,28.31
11-Jul-07,700.6,59.92,28.76
12-Jul-07,714.74,62.95,29.8
13-Jul-07,717.17,62.46,29.89
16-Jul-07,717.01,61.51,29.89
17-Jul-07,717.22,64.36,29.73
18-Jul-07,714.92,64.66,29.44
19-Jul-07,718.11,65.16,29.94
20-Jul-07,709.92,64.13,29.59
23-Jul-07,714.76,64.28,30.26
24-Jul-07,701.2,60.81,29.76
25-Jul-07,705.94,61.36,29.91
26-Jul-07,689.84,59.9,29.67
27-Jul-07,679.14,58.2,28.97
30-Jul-07,685.09,59.78,29.49
31-Jul-07,675.75,58.19,28.91
1-Aug-07,681.85,59.28,29.77
2-Aug-07,684.51,60.55,30.13
3-Aug-07,667.42,57.15,29.46
6-Aug-07,683.66,59.87,29.5
7-Aug-07,687.82,60.07,29.69
8-Aug-07,698.14,62.59,31.68
9-Aug-07,676.02,60.29,31.4
10-Aug-07,675.62,60.42,31.39
13-Aug-07,674.51,59.1,30.83
14-Aug-07,663.96,56.96,30.26
15-Aug-07,655.83,56.4,29.92
16-Aug-07,658.3,57.83,29.3
17-Aug-07,674.53,58.54,29.99
20-Aug-07,674.12,58.33,29.76
21-Aug-07,673.85,58.79,30.1
22-Aug-07,681.28,59.77,30.26
23-Aug-07,681.84,59.67,30.27
24-Aug-07,689.47,60.53,30.73
27-Aug-07,684.74,59.6,31.1
28-Aug-07,668.99,57.01,30.41
29-Aug-07,683.02,57.8,31
30-Aug-07,680.46,57.38,31.43
31-Aug-07,687.47,58.27,31.92
4-Sep-07,694.23,60.41,32.32
5-Sep-07,686.63,58.97,32.22
6-Sep-07,688.91,59.05,31.84
7-Sep-07,677.74,57.41,31.52
10-Sep-07,678.04,58.36,31.74
11-Sep-07,687.65,59.02,32.16
12-Sep-07,688.42,59.13,31.78
13-Sep-07,695,60.24,31.51
14-Sep-07,694.38,58.59,31.56
17-Sep-07,691.12,57.86,31.5
18-Sep-07,710.08,60.44,32.04
19-Sep-07,713.53,60.59,32.09
20-Sep-07,709.81,59.76,32.21
21-Sep-07,713.35,58.93,32.3
24-Sep-07,710.14,58.04,31.88
25-Sep-07,710.52,58.48,32.44
26-Sep-07,714.06,58.66,32.99
27-Sep-07,716.46,59.22,33.23
28-Sep-07,714.49,59.02,33.13
1-Oct-07,723.78,60.27,32.99
2-Oct-07,723.53,60.26,33.01
3-Oct-07,719.73,59.65,32.45
4-Oct-07,720.59,59.55,32.15
5-Oct-07,725.83,60.89,32.65
8-Oct-07,724.1,60.48,32.71
9-Oct-07,729.79,62.3,33.08
10-Oct-07,728.03,61.68,33.27
11-Oct-07,724.9,62.23,32.8
12-Oct-07,727.77,63.01,32.92
15-Oct-07,722.09,61.59,32.79
16-Oct-07,717.81,60.02,32.29
17-Oct-07,719.7,59.87,32.46
18-Oct-07,718.31,58.46,32.68
19-Oct-07,700.31,56.91,31.5
22-Oct-07,702.63,56.67,31.37
23-Oct-07,708.86,58.46,31.54
24-Oct-07,707.86,58.74,31.26
25-Oct-07,706.62,59.55,31.18
26-Oct-07,717.18,60.46,31.9
29-Oct-07,720.74,60.3,32.41
30-Oct-07,716.52,60.09,32.61
31-Oct-07,724.4,60.74,33.06
1-Nov-07,705.46,58.19,32.18
2-Nov-07,704.95,58.22,32.51
5-Nov-07,701.71,57.97,33.08
6-Nov-07,709.91,58.37,34.08
7-Nov-07,688.73,55.18,32.75
8-Nov-07,686.13,55.91,29.63
9-Nov-07,675.68,56.29,28.58
12-Nov-07,670.37,55.9,29.11
13-Nov-07,690.77,58.96,30.14
14-Nov-07,685.76,58.9,29.71
15-Nov-07,676.59,58.04,29.3
16-Nov-07,680.61,58.47,29.94
19-Nov-07,669.17,57.17,29.43
20-Nov-07,674.01,56.8,29.04
21-Nov-07,662.89,54.15,28.25
23-Nov-07,673.71,55.44,28.69
26-Nov-07,657.79,53.35,27.5
27-Nov-07,668.08,55.43,27.49
28-Nov-07,686.42,57.21,28.05
29-Nov-07,687.59,56.69,28.15
30-Nov-07,692.03,58.78,28.02
3-Dec-07,687,58.4,27.57
4-Dec-07,682.18,56.91,26.96
5-Dec-07,692.85,57.73,27.48
6-Dec-07,702.62,59.32,27.79
7-Dec-07,701.18,56.76,27.45
10-Dec-07,706.34,57.38,27.66
11-Dec-07,691.11,54.37,28.02
12-Dec-07,694.94,53.89,28.8
13-Dec-07,696.56,53.65,29.06
14-Dec-07,687.38,52.11,28.65
17-Dec-07,677.46,52,27.95
18-Dec-07,681.05,51.6,28.15
19-Dec-07,679.89,51.73,28.19
20-Dec-07,682.72,50.85,28.28
21-Dec-07,693.57,51.77,28.6
24-Dec-07,698.84,53.06,28.72
26-Dec-07,699.84,52.72,28.38
27-Dec-07,690.14,50.92,27.79
28-Dec-07,691.31,50.66,27.56
31-Dec-07,685.65,51.84,27.07